SLPR_ID,PFF_ID,PLAYER,POS,CFB,HT,WT,40dsh,OVR-RK,POS-RK,GRD,TIER,Gs,tYDS,tTD,OPP,IMP/OPP,REC%,1D,REC,TGT,recTD,recYDS,1D/tgt,YPR,FUM,RR,YPRR,1DRR,TGT%,IMP/RR,tgtQBR,YAC,CTST%,DROP%,AY,CAR,ruYDS,ruTD,ru1D
13279,170273,Carnell Tate,WR,OHIO STATE,"6'0""",192 lbs,4.53,3,1,89,2,37,1894,14,163,0.58,75.2%,81,121,161,14,1872,0.50,15.5,0,826,2.27,0.098,19.5%,0.115,134.4,579,68.8%,4.0%,1293,2,22,0,0
13294,174150,Makai Lemon,WR,USC,"5'11""",192 lbs,--,4,2,88,2,29,2025,16,191,0.54,74.9%,86,137,183,14,2008,0.47,14.7,1,664,3.02,0.130,27.7%,0.151,119.1,931,57.1%,2.8%,1077,8,17,2,2
13281,157690,Jordyn Tyson,WR,ARIZONA ST,"6'0""",203 lbs,--,5,3,87,2,33,2280,23,267,0.48,60.7%,105,159,262,22,2275,0.40,14.3,3,841,2.71,0.125,31.2%,0.151,105.7,817,52.4%,7.6%,1458,5,5,1,1
13330,174132,Kenyon Sadiq,TE,OREGON,"6'3""",241 lbs,4.39,9,1,80,3,35,933,11,110,0.57,80.2%,48,81,101,11,891,0.48,11.0,1,NA,NA,NA,NA,NA,NA,NA,NA,NA,NA,9,42,0,4
13298,170362,KC Concepcion,WR,TEXAS A&M,"6'0""",196 lbs,--,6,4,84,3,38,2656,28,362,0.42,63.3%,106,186,294,25,2224,0.36,12.0,4,1096,2.03,0.097,26.8%,0.120,100.5,1232,48.6%,9.3%,992,68,432,3,17
13276,156395,Omar Cooper,WR,INDIANA,"6'0""",199 lbs,4.42,7,5,81,3,38,1895,24,176,0.60,67.3%,80,115,171,22,1798,0.47,15.6,0,728,2.47,0.110,23.5%,0.140,137.5,754,54.3%,4.2%,1044,5,97,2,2
13346,162481,Denzel Boston,WR,WASHINGTON,"6'1""",212 lbs,--,8,6,80,3,37,1783,21,205,0.60,64.7%,100,132,204,20,1781,0.49,13.5,0,881,2.02,0.114,23.2%,0.136,106.7,657,61.1%,3.6%,1124,1,2,1,1
13349,147013,Eli Stowers,TE,VANDERBILT,"6'4""",239 lbs,4.51,10,2,77,4,39,1925,13,237,0.51,73.3%,94,148,202,11,1774,0.47,12.0,2,NA,NA,NA,NA,NA,NA,NA,NA,NA,NA,35,151,2,13
13268,159499,Elijah Sarratt,WR,INDIANA,"6'0""",210 lbs,--,11,7,75,4,40,2981,32,271,0.67,73.7%,149,199,270,31,2980,0.55,15.0,1,1428,2.56,0.125,23.4%,0.126,146.2,1227,57.4%,3.6%,2425,1,1,1,1
13320,174142,Zachariah Branch,WR,GEORGIA,,177 lbs,4.35,18,8,68.5,5,37,1726,10,225,0.41,75.8%,77,160,211,9,1634,0.36,10.2,1,806,2.03,0.096,26.2%,0.107,105.8,1275,38.1%,4.8%,359,14,92,1,5
13353,158409,Chris Brazzell,WR,TENNESSEE,"6'0""",198 lbs,4.37,19,9,68,5,40,2061,16,215,0.53,62.8%,98,135,215,16,2061,0.46,15.3,0,986,2.09,0.099,21.8%,0.116,115.3,463,40.8%,8.2%,1598,0,0,0,0
13311,156321,Chris Bell,WR,LOUISVILLE,"6'0""",222 lbs,--,21,10,67.5,5,47,2209,12,225,0.48,67.7%,96,151,223,12,2166,0.43,14.3,0,1078,2.01,0.089,20.7%,0.100,113.2,874,55.9%,7.9%,1292,2,43,0,1
13285,151069,Malachi Fields,WR,NOTRE DAME,NA,NA lbs,NA,24,12,65,6,48,2480,16,279,0.47,59.4%,115,165,278,16,2486,0.41,15.1,4,1281,1.94,0.090,21.7%,0.102,88.5,768,47.3%,5.7%,1718,1,-6,0,0
13293,176638,JaKobi Lane,WR,USC,NA,NA lbs,NA,25,13,64.5,6,30,1368,18,149,0.63,66.4%,76,99,149,18,1368,0.51,13.8,0,702,1.95,0.108,21.2%,0.134,127.6,380,49%,7.5%,988,0,0,0,0
13301,156241,Antonio Williams,WR,CLEMSON,NA,NA lbs,NA,22,11,67,5,43,2518,23,300,0.48,75.3%,112,207,275,21,2331,0.41,11.3,2,1181,1.97,0.095,23.3%,0.113,124.1,1097,49%,5.0%,1234,25,187,2,9
13274,158374,Germie Bernard,WR,ALABAMA,"6'1""",206 lbs,4.48,26,14,64,6,52,2398,18,265,0.52,67.2%,106,156,232,13,2214,0.46,14.2,0,1167,1.90,0.091,19.9%,0.102,105.8,993,38.7%,2.5%,1221,33,184,5,14
13402,145163,Skyler Bell,WR,UCONN,"6'0""",192 lbs,4.4,28,15,63,6,52,3063,24,364,0.40,63.4%,116,220,347,24,2894,0.33,13.2,3,1344,2.15,0.086,25.8%,0.104,101.9,1408,50%,9.8%,1486,17,169,0,5
13278,162884,Max Klare,TE,OHIO STATE,"6'4""",246 lbs,--,29,3,62.5,7,31,1328,6,154,0.46,75.3%,65,116,154,6,1328,0.42,11.4,3,NA,NA,NA,NA,NA,NA,NA,NA,NA,NA,0,0,0,0
13401,146410,Michael Trigg,TE,BAYLOR,"6'4""",240 lbs,--,31,4,61.5,7,38,1416,14,179,0.44,60.3%,65,108,179,14,1416,0.36,13.1,2,NA,NA,NA,NA,NA,NA,NA,NA,NA,NA,0,0,0,0
13338,160756,Kevin Coleman,WR,MISSOURI,NA,NA lbs,NA,30,16,62,7,39,2151,9,242,0.45,74.9%,95,167,223,9,2039,0.43,12.2,0,1271,1.98,0.090,21.3%,0.082,107.8,1212,53.7%,3.4%,1302,19,112,0,6
13317,187922,Ted Hurst,WR,GA STATE,NA,NA lbs,NA,32,17,61,7,24,1960,15,224,0.47,56.7%,90,127,224,15,1960,0.40,15.4,0,873,2.25,0.103,25.7%,0.120,83.9,586,61.1%,9.3%,1374,0,0,0,0
13333,145107,Deion Burks,WR,OKLAHOMA,,180 lbs,4.3,35,18,60,7,45,1709,14,269,0.37,59.8%,82,152,254,14,1659,0.32,10.9,1,1225,1.35,0.067,20.7%,0.078,79.5,716,36.8%,9.0%,943,15,50,0,3
13282,158317,Jack Endries,TE,TEXAS,"6'5""",245 lbs,4.62,37,5,59,8,39,1376,7,162,0.47,76.5%,69,124,162,7,1376,0.43,11.1,0,NA,NA,NA,NA,NA,NA,NA,NA,NA,NA,0,0,0,0
13434,145896,Will Kacmarek,TE,OHIO STATE,"6'6""",261 lbs,4.74,NR,NR,NR,NR,53,766,4,87,0.45,76.5%,35,65,85,4,761,0.41,11.7,0,NA,NA,NA,NA,NA,NA,NA,NA,NA,NA,2,5,0,0
13433,129928,Riley Nowakowski,TE,INDIANA,"6'2""",250 lbs,4.66,NR,NR,NR,NR,43,520,5,64,0.42,80.6%,20,50,62,3,518,0.32,10.4,0,NA,NA,NA,NA,NA,NA,NA,NA,NA,NA,2,2,2,2
13319,157080,Oscar Delp,TE,GEORGIA,"6'5""",245 lbs,--,NR,NR,NR,NR,52,854,9,94,0.59,74.5%,46,70,94,9,854,0.49,12.2,2,NA,NA,NA,NA,NA,NA,NA,NA,NA,NA,0,0,0,0
13400,158620,Justin Joly,TE,NC STATE,"6'4""",241 lbs,--,NR,NR,NR,NR,49,1998,15,234,0.47,71.2%,96,166,233,15,1986,0.41,12.0,0,NA,NA,NA,NA,NA,NA,NA,NA,NA,NA,1,12,0,0
13417,146508,DeZhaun Stribling,WR,OLE MISS,NA,NA lbs,NA,NR,NR,NR,NR,56,2963,23,345,0.48,62.6%,143,216,345,23,2963,0.41,13.7,0,1762,1.68,0.081,19.6%,0.094,106.2,1292,45.7%,4.0%,1671,0,0,0,0
13413,156582,Cyrus Allen,WR,CINCINNATI,NA,NA lbs,NA,NR,NR,NR,NR,44,2252,22,242,0.45,59.9%,86,136,227,21,2214,0.38,16.3,3,1072,2.07,0.080,21.2%,0.100,108.8,752,55.3%,7.5%,1462,15,38,1,2
13412,157004,Kendrick Law,WR,KENTUCKY,NA,NA lbs,NA,NR,NR,NR,NR,45,970,4,121,0.39,80.4%,37,86,107,4,883,0.35,10.3,0,603,1.46,0.061,17.7%,0.068,104.2,776,33.3%,3.4%,107,14,87,0,6
13411,163697,Zavion Thomas,WR,LSU,NA,NA lbs,NA,NR,NR,NR,NR,40,1414,8,199,0.39,65.8%,61,106,161,7,1217,0.38,11.5,1,802,1.52,0.076,20.1%,0.085,90.0,601,40%,4.5%,616,38,197,1,9
13410,147528,Chase Roberts,WR,BYU,NA,NA lbs,NA,NR,NR,NR,NR,49,2619,18,285,0.51,61.9%,126,169,273,18,2571,0.46,15.2,2,951,2.33,0.115,24.6%,0.151,102.8,689,55.6%,9.8%,1525,12,48,0,2
13409,144829,Donaven McCulley,WR,MICHIGAN,NA,NA lbs,NA,NR,NR,NR,NR,47,1433,12,196,0.46,55.9%,77,105,188,11,1422,0.41,13.5,1,NA,NA,NA,NA,NA,NA,NA,NA,NA,NA,8,11,1,2
13394,144513,Josh Cameron,WR,BAYLOR,NA,NA lbs,NA,NR,NR,NR,NR,50,2232,19,264,0.52,65.1%,117,170,261,19,2230,0.45,13.1,3,1404,1.59,0.083,18.6%,0.097,103.5,863,46.4%,4.0%,1367,3,2,0,1
13392,154188,Jeff Caldwell,WR,CINCINNATI,"6'0""",216 lbs,4.31,NR,NR,NR,NR,13,478,6,58,0.53,55.2%,25,32,58,6,478,0.43,14.9,0,868,2.58,0.104,27.3%,0.036,110.4,932,42.6%,10.1%,1309,0,0,0,0
13380,163865,Brenen Thompson,WR,MISS STATE,,164 lbs,4.26,NR,NR,NR,NR,36,1571,11,144,0.49,60.0%,57,84,140,10,1557,0.41,18.5,0,706,2.21,0.081,19.8%,0.095,107.4,413,35.3%,8.7%,1144,4,14,1,2
13356,123051,Trebor Pena,WR,PENN STATE,NA,NA lbs,NA,NR,NR,NR,NR,43,1930,13,232,0.49,76.7%,91,158,206,12,1764,0.44,11.2,2,NA,NA,NA,NA,NA,NA,NA,NA,NA,NA,26,166,1,9
13354,145976,Eric McAlister,WR,TCU,NA,NA lbs,NA,NR,NR,NR,NR,46,3067,24,291,0.53,57.7%,131,168,291,24,3067,0.45,18.3,3,1072,2.86,0.122,27.1%,0.145,108.7,1241,45.2%,8.7%,1826,0,0,0,0
13351,163156,Junior Vandeross,WR,TOLEDO,NA,NA lbs,NA,NR,NR,NR,NR,41,2698,20,313,0.45,70.5%,119,217,308,20,2651,0.39,12.2,4,1109,2.39,0.107,27.8%,0.125,112.9,1348,57.1%,6.5%,1303,5,47,0,1
13344,123418,Preston Fox,WR,W VIRGINIA,NA,NA lbs,NA,NR,NR,NR,NR,38,595,3,82,0.37,57.5%,26,46,80,3,592,0.33,12.9,2,NA,NA,NA,NA,NA,NA,NA,NA,NA,NA,2,3,0,1
13343,158687,Vinny Anthony,WR,WISCONSIN,NA,NA lbs,NA,NR,NR,NR,NR,33,1221,7,135,0.41,65.0%,44,80,123,5,1162,0.36,14.5,0,685,1.70,0.064,18%,0.072,88.9,504,58.3%,5.9%,658,12,59,2,5
13336,157100,Dane Key,WR,NEBRASKA,NA,NA lbs,NA,NR,NR,NR,NR,51,2315,19,280,0.49,59.1%,117,165,279,19,2317,0.42,14.0,3,1300,1.78,0.090,21.5%,0.105,89.3,616,53.6%,6.8%,1701,1,-2,0,0
13329,169698,Malik Benson,WR,OREGON,NA,NA lbs,NA,NR,NR,NR,NR,41,1190,8,128,0.44,64.8%,48,81,125,8,1192,0.38,14.7,0,735,1.62,0.065,17%,0.076,110.5,312,56.7%,4.7%,880,3,-2,0,0
13326,174143,DT Sheffield,WR,RUTGERS,NA,NA lbs,NA,NR,NR,NR,NR,26,1502,17,181,0.46,65.0%,65,115,177,16,1416,0.37,12.3,3,NA,NA,NA,NA,NA,NA,NA,NA,NA,NA,4,86,1,2
13325,157298,Jordan Hudson,WR,SMU,NA,NA lbs,NA,NR,NR,NR,NR,53,1812,21,222,0.48,66.1%,85,146,221,21,1804,0.38,12.4,1,934,1.93,0.091,23.7%,0.113,109.6,739,47.8%,5.8%,1065,1,8,0,0
13318,158678,Noah Thomas,WR,GEORGIA,NA,NA lbs,NA,NR,NR,NR,NR,46,1256,19,147,0.54,62.2%,59,89,143,19,1238,0.41,13.9,0,970,1.28,0.061,14.7%,0.080,122.7,446,55.6%,5.3%,792,4,18,0,1
13316,144279,Eric Rivers,WR,GA TECH,"6'0""",176 lbs,4.35,NR,NR,NR,NR,36,2214,16,217,0.51,66.3%,93,138,208,16,2158,0.45,15.6,2,900,2.40,0.103,23.1%,0.121,118.2,799,37%,8.0%,1359,9,56,0,2
13313,163595,Emmanuel Henderson,WR,KANSAS,NA,NA lbs,NA,NR,NR,NR,NR,28,878,5,83,0.43,63.3%,31,50,79,5,862,0.39,17.2,0,NA,NA,NA,NA,NA,NA,NA,NA,NA,NA,4,16,0,0
13309,157010,Aaron Anderson,WR,LSU,NA,NA lbs,NA,NR,NR,NR,NR,33,1333,5,155,0.43,68.8%,61,106,154,5,1331,0.40,12.6,1,644,2.07,0.095,23.9%,0.102,98.2,757,40.9%,8.6%,574,1,2,0,0
13304,146913,OMega Blake,WR,ARKANSAS,NA,NA lbs,NA,NR,NR,NR,NR,37,1821,16,181,0.51,61.5%,76,110,179,16,1814,0.42,16.5,1,NA,NA,NA,NA,NA,NA,NA,NA,NA,NA,2,7,0,0
13297,158022,Reggie Virgil,WR,TEXAS TECH,NA,NA lbs,NA,NR,NR,NR,NR,43,1618,18,185,0.46,54.6%,65,100,183,16,1583,0.36,15.8,0,908,1.74,0.072,20.2%,0.089,101.4,425,47.5%,8.3%,1158,2,35,2,2
13296,157740,Caleb Douglas,WR,TEXAS TECH,NA,NA lbs,NA,NR,NR,NR,NR,40,2041,16,225,0.46,59.8%,88,134,224,16,2041,0.39,15.2,2,1143,1.79,0.077,19.6%,0.091,108.1,715,37%,8.2%,1326,1,0,0,0
13290,163408,Jalen Moss,WR,ARIZONA ST,NA,NA lbs,NA,NR,NR,NR,NR,34,1547,11,180,0.43,66.5%,66,119,179,11,1541,0.37,12.9,3,NA,NA,NA,NA,NA,NA,NA,NA,NA,NA,1,6,0,0
13270,123874,CJ Daniels,WR,MIAMI FL,NA,NA lbs,NA,NR,NR,NR,NR,55,2768,25,270,0.55,69.3%,123,187,270,25,2768,0.46,14.8,1,955,2.00,0.088,21.5%,0.155,120.6,687,75.8%,5.2%,1414,0,0,0,0
13435,52545,Joe Royer,TE,CINCINNATI,"6'5""",247 lbs,--,NR,NR,NR,NR,34,962,7,115,0.48,72.2%,48,83,115,7,962,0.42,11.6,1,NA,NA,NA,NA,NA,NA,NA,NA,NA,NA,0,0,0,0
13432,145087,Khalil Dinkins,TE,PENN STATE,"6'4""",251 lbs,4.72,NR,NR,NR,NR,45,399,7,54,0.54,68.5%,22,37,54,7,399,0.41,10.8,0,NA,NA,NA,NA,NA,NA,NA,NA,NA,NA,0,0,0,0
13431,163599,Miles Kitselman,TE,TENNESSEE,"6'5""",251 lbs,4.9,NR,NR,NR,NR,27,586,7,74,0.57,71.8%,33,51,71,6,583,0.46,11.4,0,NA,NA,NA,NA,NA,NA,NA,NA,NA,NA,3,3,1,2
13430,127250,RJ Maryland,TE,SMU,"6'4""",236 lbs,4.51,NR,NR,NR,NR,46,1493,19,166,0.55,68.1%,73,113,166,19,1493,0.44,13.2,0,NA,NA,NA,NA,NA,NA,NA,NA,NA,NA,0,0,0,0
13429,147046,Seydou Traore,TE,MISS STATE,NA,NA lbs,NA,NR,NR,NR,NR,49,1459,10,181,0.44,71.8%,70,130,181,10,1459,0.39,11.2,1,NA,NA,NA,NA,NA,NA,NA,NA,NA,NA,0,0,0,0
13422,158070,Jaren Kanak,TE,OKLAHOMA,"6'2""",234 lbs,4.52,NR,NR,NR,NR,13,530,0,57,0.37,77.2%,21,44,57,0,530,0.37,12.0,1,NA,NA,NA,NA,NA,NA,NA,NA,NA,NA,0,0,0,0
13421,156970,Eli Raridon,TE,NOTRE DAME,"6'6""",245 lbs,4.62,NR,NR,NR,NR,37,623,3,66,0.48,72.7%,29,48,66,3,623,0.44,13.0,0,NA,NA,NA,NA,NA,NA,NA,NA,NA,NA,0,0,0,0
13408,156895,Tanner Koziol,TE,HOUSTON,"6'7""",247 lbs,4.7,NR,NR,NR,NR,49,2242,24,338,0.47,70.3%,136,237,337,24,2236,0.40,9.4,1,NA,NA,NA,NA,NA,NA,NA,NA,NA,NA,1,6,0,0
13357,127157,Lance Mason,TE,WISCONSIN,NA,NA lbs,NA,NR,NR,NR,NR,12,405,4,50,0.50,61.2%,20,30,49,4,398,0.41,13.3,0,NA,NA,NA,NA,NA,NA,NA,NA,NA,NA,1,7,0,1
13355,144696,DJ Rogers,TE,TCU,"6'4""",258 lbs,--,NR,NR,NR,NR,35,539,5,67,0.52,79.1%,30,53,67,5,539,0.45,10.2,0,NA,NA,NA,NA,NA,NA,NA,NA,NA,NA,0,0,0,0
13342,150698,John Michael Gyllenborg,TE,WYOMING,"6'6""",249 lbs,4.6,NR,NR,NR,NR,34,1029,7,124,0.46,65.3%,50,81,124,7,1029,0.40,12.7,0,NA,NA,NA,NA,NA,NA,NA,NA,NA,NA,0,0,0,0
13331,157645,DaeQuan Wright,TE,OLE MISS,"6'4""",246 lbs,--,NR,NR,NR,NR,47,1605,9,169,0.51,67.3%,77,113,168,9,1603,0.46,14.2,2,NA,NA,NA,NA,NA,NA,NA,NA,NA,NA,1,2,0,1
13324,129581,Matthew Hibner,TE,SMU,"6'4""",251 lbs,4.57,NR,NR,NR,NR,33,819,8,80,0.53,71.3%,34,57,80,8,819,0.43,14.4,1,NA,NA,NA,NA,NA,NA,NA,NA,NA,NA,0,0,0,0
13322,157270,Sam Roush,TE,STANFORD,"6'6""",267 lbs,4.7,NR,NR,NR,NR,48,1203,4,178,0.31,67.2%,51,119,177,4,1202,0.29,10.1,1,NA,NA,NA,NA,NA,NA,NA,NA,NA,NA,1,1,0,0
13321,129602,Dan Villari,TE,SYRACUSE,NA,NA lbs,NA,NR,NR,NR,NR,40,1075,7,178,0.36,70.2%,29,66,94,3,665,0.31,10.1,0,NA,NA,NA,NA,NA,NA,NA,NA,NA,NA,84,410,4,28
13312,163777,Josh Kattus,TE,KENTUCKY,NA,NA lbs,NA,NR,NR,NR,NR,43,505,6,60,0.53,63.3%,26,38,60,6,505,0.43,13.3,0,NA,NA,NA,NA,NA,NA,NA,NA,NA,NA,0,0,0,0
13308,150160,Bauer Sharp,TE,LSU,"6'5""",249 lbs,4.63,NR,NR,NR,NR,25,567,4,87,0.33,76.7%,25,66,86,4,572,0.29,8.7,3,NA,NA,NA,NA,NA,NA,NA,NA,NA,NA,1,-5,0,0
13307,162818,Marlin Klein,TE,MICHIGAN,"6'6""",248 lbs,4.61,NR,NR,NR,NR,28,364,1,64,0.25,59.4%,15,38,64,1,364,0.23,9.6,0,NA,NA,NA,NA,NA,NA,NA,NA,NA,NA,0,0,0,0
13299,129676,Nate Boerkircher,TE,TEXAS A&M,"6'6""",245 lbs,--,NR,NR,NR,NR,50,433,5,52,0.62,79.2%,23,38,48,4,417,0.48,11.0,0,NA,NA,NA,NA,NA,NA,NA,NA,NA,NA,4,16,1,4
13292,146418,Lake McRee,TE,USC,"6'4""",243 lbs,--,NR,NR,NR,NR,51,1142,7,138,0.43,70.8%,53,97,137,7,1142,0.39,11.8,2,NA,NA,NA,NA,NA,NA,NA,NA,NA,NA,1,0,0,0
13280,144230,Chamon Metayer,TE,ARIZONA ST,NA,NA lbs,NA,NR,NR,NR,NR,41,999,14,136,0.45,70.1%,46,94,134,14,971,0.34,10.3,1,NA,NA,NA,NA,NA,NA,NA,NA,NA,NA,2,28,0,1
13273,147570,Josh Cuevas,TE,ALABAMA,"6'3""",245 lbs,4.65,NR,NR,NR,NR,40,800,6,73,0.59,79.2%,37,57,72,6,793,0.51,13.9,0,NA,NA,NA,NA,NA,NA,NA,NA,NA,NA,1,7,0,0